"vaibhav","vaibhav","vaibhav kumar chowdhury","vibhav kumar choudhary"
"Raveesh Agarwal","Raveesh Agarwal","Raveesh","raveesh","raveesh agarwal"
"Sayantan Biswas","Sayantan Biswas","sayantan"
"Sayantak Karar","Sayantak"
"Ananya Bhattachrjee","Ananya"
"Prasad Ranjan Deb","Prasad Ranjan Deb","prasad ranjan deb","prasad"
"Chirag Agarwal","Chirag","chirag","chirag agarwal"
"Anjali","ANJALI","anjali"
"Lakshya-Poddar","Lakshya","LAKSHYA","lakshay","Lakshay","lakshya poddar"
"Rajat Chowdhury","rajat","RAJAT"